"set","nr","mtry","oob"
"",0,0,0
"df4_d",1,10,0.0542372881355932
"df4_d",2,10,0.0406779661016949
"df4_d",3,10,0.0576271186440678
"df4_d",4,10,0.0406779661016949
"df4_d",5,10,0.0406779661016949
"df4_d",6,10,0.0508474576271186
"df4_d",7,10,0.0474576271186441
"df4_d",8,10,0.0610169491525424
"df4_d",9,10,0.0508474576271186
"df4_d",10,10,0.0440677966101695
"df4_d",1,20,0.0474576271186441
"df4_d",2,20,0.0305084745762712
"df4_d",3,20,0.0305084745762712
"df4_d",4,20,0.0372881355932203
"df4_d",5,20,0.0338983050847458
"df4_d",6,20,0.0372881355932203
"df4_d",7,20,0.0372881355932203
"df4_d",8,20,0.0406779661016949
"df4_d",9,20,0.0406779661016949
"df4_d",10,20,0.023728813559322
"df4_d",1,30,0.0305084745762712
"df4_d",2,30,0.0305084745762712
"df4_d",3,30,0.0338983050847458
"df4_d",4,30,0.0271186440677966
"df4_d",5,30,0.023728813559322
"df4_d",6,30,0.0271186440677966
"df4_d",7,30,0.0372881355932203
"df4_d",8,30,0.0305084745762712
"df4_d",9,30,0.0169491525423729
"df4_d",10,30,0.0271186440677966
"df4_d",1,40,0.0372881355932203
"df4_d",2,40,0.023728813559322
"df4_d",3,40,0.0271186440677966
"df4_d",4,40,0.0305084745762712
"df4_d",5,40,0.0203389830508475
"df4_d",6,40,0.023728813559322
"df4_d",7,40,0.023728813559322
"df4_d",8,40,0.0338983050847458
"df4_d",9,40,0.0271186440677966
"df4_d",10,40,0.0305084745762712
"df4_d",1,50,0.0271186440677966
"df4_d",2,50,0.023728813559322
"df4_d",3,50,0.023728813559322
"df4_d",4,50,0.0305084745762712
"df4_d",5,50,0.0338983050847458
"df4_d",6,50,0.0271186440677966
"df4_d",7,50,0.0338983050847458
"df4_d",8,50,0.0305084745762712
"df4_d",9,50,0.023728813559322
"df4_d",10,50,0.023728813559322
"df4_d",1,60,0.0372881355932203
"df4_d",2,60,0.0271186440677966
"df4_d",3,60,0.0305084745762712
"df4_d",4,60,0.023728813559322
"df4_d",5,60,0.023728813559322
"df4_d",6,60,0.0271186440677966
"df4_d",7,60,0.0271186440677966
"df4_d",8,60,0.0338983050847458
"df4_d",9,60,0.0305084745762712
"df4_d",10,60,0.0271186440677966
"df4_d",1,70,0.0305084745762712
"df4_d",2,70,0.0271186440677966
"df4_d",3,70,0.0271186440677966
"df4_d",4,70,0.0271186440677966
"df4_d",5,70,0.0271186440677966
"df4_d",6,70,0.023728813559322
"df4_d",7,70,0.0271186440677966
"df4_d",8,70,0.0338983050847458
"df4_d",9,70,0.0338983050847458
"df4_d",10,70,0.023728813559322
"df4_d",1,80,0.0305084745762712
"df4_d",2,80,0.0271186440677966
"df4_d",3,80,0.023728813559322
"df4_d",4,80,0.0271186440677966
"df4_d",5,80,0.0271186440677966
"df4_d",6,80,0.0305084745762712
"df4_d",7,80,0.0169491525423729
"df4_d",8,80,0.0338983050847458
"df4_d",9,80,0.023728813559322
"df4_d",10,80,0.0305084745762712
"df4_d",1,90,0.0372881355932203
"df4_d",2,90,0.0203389830508475
"df4_d",3,90,0.023728813559322
"df4_d",4,90,0.0271186440677966
"df4_d",5,90,0.023728813559322
"df4_d",6,90,0.0305084745762712
"df4_d",7,90,0.0271186440677966
"df4_d",8,90,0.0169491525423729
"df4_d",9,90,0.023728813559322
"df4_d",10,90,0.023728813559322
"df4_d",1,100,0.0203389830508475
"df4_d",2,100,0.0271186440677966
"df4_d",3,100,0.0271186440677966
"df4_d",4,100,0.023728813559322
"df4_d",5,100,0.0372881355932203
"df4_d",6,100,0.0338983050847458
"df4_d",7,100,0.0305084745762712
"df4_d",8,100,0.0338983050847458
"df4_d",9,100,0.0338983050847458
"df4_d",10,100,0.0338983050847458
"df4_d",1,110,0.0338983050847458
"df4_d",2,110,0.0338983050847458
"df4_d",3,110,0.023728813559322
"df4_d",4,110,0.0305084745762712
"df4_d",5,110,0.0305084745762712
"df4_d",6,110,0.0305084745762712
"df4_d",7,110,0.0271186440677966
"df4_d",8,110,0.0305084745762712
"df4_d",9,110,0.0305084745762712
"df4_d",10,110,0.0271186440677966
"df4_d",1,120,0.023728813559322
"df4_d",2,120,0.0271186440677966
"df4_d",3,120,0.0372881355932203
"df4_d",4,120,0.0338983050847458
"df4_d",5,120,0.0305084745762712
"df4_d",6,120,0.023728813559322
"df4_d",7,120,0.0271186440677966
"df4_d",8,120,0.0305084745762712
"df4_d",9,120,0.0271186440677966
"df4_d",10,120,0.0305084745762712
"df4_d",1,130,0.0305084745762712
"df4_d",2,130,0.0305084745762712
"df4_d",3,130,0.0271186440677966
"df4_d",4,130,0.0169491525423729
"df4_d",5,130,0.0338983050847458
"df4_d",6,130,0.0271186440677966
"df4_d",7,130,0.0305084745762712
"df4_d",8,130,0.0406779661016949
"df4_d",9,130,0.0338983050847458
"df4_d",10,130,0.023728813559322
"df4_d",1,140,0.0305084745762712
"df4_d",2,140,0.0305084745762712
"df4_d",3,140,0.0305084745762712
"df4_d",4,140,0.0338983050847458
"df4_d",5,140,0.0203389830508475
"df4_d",6,140,0.0372881355932203
"df4_d",7,140,0.0305084745762712
"df4_d",8,140,0.0305084745762712
"df4_d",9,140,0.0305084745762712
"df4_d",10,140,0.0338983050847458
"df4_d",1,150,0.0305084745762712
"df4_d",2,150,0.0305084745762712
"df4_d",3,150,0.0271186440677966
"df4_d",4,150,0.0372881355932203
"df4_d",5,150,0.0305084745762712
"df4_d",6,150,0.0305084745762712
"df4_d",7,150,0.0338983050847458
"df4_d",8,150,0.0372881355932203
"df4_d",9,150,0.0372881355932203
"df4_d",10,150,0.0305084745762712
"df4_d",1,160,0.0406779661016949
"df4_d",2,160,0.0338983050847458
"df4_d",3,160,0.0338983050847458
"df4_d",4,160,0.0338983050847458
"df4_d",5,160,0.0372881355932203
"df4_d",6,160,0.0406779661016949
"df4_d",7,160,0.0271186440677966
"df4_d",8,160,0.0338983050847458
"df4_d",9,160,0.0338983050847458
"df4_d",10,160,0.0338983050847458
"df4_d",1,170,0.0406779661016949
"df4_d",2,170,0.0372881355932203
"df4_d",3,170,0.0305084745762712
"df4_d",4,170,0.0406779661016949
"df4_d",5,170,0.0440677966101695
"df4_d",6,170,0.0406779661016949
"df4_d",7,170,0.0338983050847458
"df4_d",8,170,0.0305084745762712
"df4_d",9,170,0.0474576271186441
"df4_d",10,170,0.0440677966101695
"df4_d",1,180,0.0406779661016949
"df4_d",2,180,0.0305084745762712
"df4_d",3,180,0.0338983050847458
"df4_d",4,180,0.0440677966101695
"df4_d",5,180,0.0305084745762712
"df4_d",6,180,0.0406779661016949
"df4_d",7,180,0.0338983050847458
"df4_d",8,180,0.0406779661016949
"df4_d",9,180,0.0372881355932203
"df4_d",10,180,0.0406779661016949
"df4_d",1,190,0.0372881355932203
"df4_d",2,190,0.0372881355932203
"df4_d",3,190,0.0406779661016949
"df4_d",4,190,0.0474576271186441
"df4_d",5,190,0.0474576271186441
"df4_d",6,190,0.0338983050847458
"df4_d",7,190,0.0338983050847458
"df4_d",8,190,0.0372881355932203
"df4_d",9,190,0.0406779661016949
"df4_d",10,190,0.0440677966101695
"df4_d",1,200,0.0338983050847458
"df4_d",2,200,0.0406779661016949
"df4_d",3,200,0.0406779661016949
"df4_d",4,200,0.0406779661016949
"df4_d",5,200,0.0440677966101695
"df4_d",6,200,0.0372881355932203
"df4_d",7,200,0.0372881355932203
"df4_d",8,200,0.0406779661016949
"df4_d",9,200,0.0440677966101695
"df4_d",10,200,0.0372881355932203
"df4_d",1,210,0.0406779661016949
"df4_d",2,210,0.0440677966101695
"df4_d",3,210,0.0372881355932203
"df4_d",4,210,0.0406779661016949
"df4_d",5,210,0.0406779661016949
"df4_d",6,210,0.0372881355932203
"df4_d",7,210,0.0406779661016949
"df4_d",8,210,0.0372881355932203
"df4_d",9,210,0.0372881355932203
"df4_d",10,210,0.0440677966101695
"df4_d",1,220,0.0440677966101695
"df4_d",2,220,0.0440677966101695
"df4_d",3,220,0.0372881355932203
"df4_d",4,220,0.0338983050847458
"df4_d",5,220,0.0440677966101695
"df4_d",6,220,0.0406779661016949
"df4_d",7,220,0.0406779661016949
"df4_d",8,220,0.0406779661016949
"df4_d",9,220,0.0440677966101695
"df4_d",10,220,0.0440677966101695
"df4_d",1,230,0.0508474576271186
"df4_d",2,230,0.0406779661016949
"df4_d",3,230,0.0406779661016949
"df4_d",4,230,0.0474576271186441
"df4_d",5,230,0.0474576271186441
"df4_d",6,230,0.0372881355932203
"df4_d",7,230,0.0440677966101695
"df4_d",8,230,0.0305084745762712
"df4_d",9,230,0.0372881355932203
"df4_d",10,230,0.0372881355932203
"df4_d",1,240,0.0440677966101695
"df4_d",2,240,0.0406779661016949
"df4_d",3,240,0.0406779661016949
"df4_d",4,240,0.0440677966101695
"df4_d",5,240,0.0542372881355932
"df4_d",6,240,0.0372881355932203
"df4_d",7,240,0.0474576271186441
"df4_d",8,240,0.0338983050847458
"df4_d",9,240,0.0406779661016949
"df4_d",10,240,0.0406779661016949
"df4_d",1,250,0.0440677966101695
"df4_d",2,250,0.0440677966101695
"df4_d",3,250,0.0372881355932203
"df4_d",4,250,0.0406779661016949
"df4_d",5,250,0.0372881355932203
"df4_d",6,250,0.0440677966101695
"df4_d",7,250,0.0372881355932203
"df4_d",8,250,0.0406779661016949
"df4_d",9,250,0.0406779661016949
"df4_d",10,250,0.0474576271186441
"df4_d",1,260,0.0372881355932203
"df4_d",2,260,0.0440677966101695
"df4_d",3,260,0.0338983050847458
"df4_d",4,260,0.0440677966101695
"df4_d",5,260,0.0576271186440678
"df4_d",6,260,0.0440677966101695
"df4_d",7,260,0.0508474576271186
"df4_d",8,260,0.0372881355932203
"df4_d",9,260,0.0406779661016949
"df4_d",10,260,0.0474576271186441
"df4_d",1,270,0.0474576271186441
"df4_d",2,270,0.0406779661016949
"df4_d",3,270,0.0440677966101695
"df4_d",4,270,0.0474576271186441
"df4_d",5,270,0.0440677966101695
"df4_d",6,270,0.0440677966101695
"df4_d",7,270,0.0508474576271186
"df4_d",8,270,0.0474576271186441
"df4_d",9,270,0.0440677966101695
"df4_d",10,270,0.0440677966101695
"df4_d",1,280,0.0440677966101695
"df4_d",2,280,0.0440677966101695
"df4_d",3,280,0.0474576271186441
"df4_d",4,280,0.0440677966101695
"df4_d",5,280,0.0406779661016949
"df4_d",6,280,0.0440677966101695
"df4_d",7,280,0.0440677966101695
"df4_d",8,280,0.0474576271186441
"df4_d",9,280,0.0372881355932203
"df4_d",10,280,0.0474576271186441
"df4_d",1,290,0.0440677966101695
"df4_d",2,290,0.0474576271186441
"df4_d",3,290,0.0440677966101695
"df4_d",4,290,0.0440677966101695
"df4_d",5,290,0.0440677966101695
"df4_d",6,290,0.0406779661016949
"df4_d",7,290,0.0372881355932203
"df4_d",8,290,0.0474576271186441
"df4_d",9,290,0.0474576271186441
"df4_d",10,290,0.0508474576271186
"df4_d",1,300,0.0440677966101695
"df4_d",2,300,0.0474576271186441
"df4_d",3,300,0.0440677966101695
"df4_d",4,300,0.0440677966101695
"df4_d",5,300,0.0474576271186441
"df4_d",6,300,0.0474576271186441
"df4_d",7,300,0.0474576271186441
"df4_d",8,300,0.0440677966101695
"df4_d",9,300,0.0542372881355932
"df4_d",10,300,0.0440677966101695
"df4_d",1,310,0.0406779661016949
"df4_d",2,310,0.0508474576271186
"df4_d",3,310,0.0440677966101695
"df4_d",4,310,0.0542372881355932
"df4_d",5,310,0.0474576271186441
"df4_d",6,310,0.0440677966101695
"df4_d",7,310,0.0474576271186441
"df4_d",8,310,0.0440677966101695
"df4_d",9,310,0.0474576271186441
"df4_d",10,310,0.0508474576271186
"df4_d",1,320,0.0440677966101695
"df4_d",2,320,0.0542372881355932
"df4_d",3,320,0.0440677966101695
"df4_d",4,320,0.0474576271186441
"df4_d",5,320,0.0406779661016949
"df4_d",6,320,0.0440677966101695
"df4_d",7,320,0.0508474576271186
"df4_d",8,320,0.0440677966101695
"df4_d",9,320,0.0474576271186441
"df4_d",10,320,0.0406779661016949
"df4_d",1,330,0.0542372881355932
"df4_d",2,330,0.0508474576271186
"df4_d",3,330,0.0508474576271186
"df4_d",4,330,0.0406779661016949
"df4_d",5,330,0.0508474576271186
"df4_d",6,330,0.0474576271186441
"df4_d",7,330,0.0474576271186441
"df4_d",8,330,0.0440677966101695
"df4_d",9,330,0.0542372881355932
"df4_d",10,330,0.0440677966101695
"df4_d",1,340,0.0474576271186441
"df4_d",2,340,0.0474576271186441
"df4_d",3,340,0.0406779661016949
"df4_d",4,340,0.0508474576271186
"df4_d",5,340,0.0542372881355932
"df4_d",6,340,0.0508474576271186
"df4_d",7,340,0.0440677966101695
"df4_d",8,340,0.0508474576271186
"df4_d",9,340,0.0474576271186441
"df4_d",10,340,0.0440677966101695
"df4_d",1,350,0.0508474576271186
"df4_d",2,350,0.0508474576271186
"df4_d",3,350,0.0508474576271186
"df4_d",4,350,0.0508474576271186
"df4_d",5,350,0.0474576271186441
"df4_d",6,350,0.0406779661016949
"df4_d",7,350,0.0474576271186441
"df4_d",8,350,0.0508474576271186
"df4_d",9,350,0.0508474576271186
"df4_d",10,350,0.0576271186440678
"df4_d",1,360,0.0508474576271186
"df4_d",2,360,0.0474576271186441
"df4_d",3,360,0.0474576271186441
"df4_d",4,360,0.0508474576271186
"df4_d",5,360,0.0542372881355932
"df4_d",6,360,0.0542372881355932
"df4_d",7,360,0.0508474576271186
"df4_d",8,360,0.0508474576271186
"df4_d",9,360,0.0440677966101695
"df4_d",10,360,0.0474576271186441
"df4_d",1,370,0.0474576271186441
"df4_d",2,370,0.0474576271186441
"df4_d",3,370,0.0474576271186441
"df4_d",4,370,0.0542372881355932
"df4_d",5,370,0.0440677966101695
"df4_d",6,370,0.0474576271186441
"df4_d",7,370,0.0440677966101695
"df4_d",8,370,0.0508474576271186
"df4_d",9,370,0.0542372881355932
"df4_d",10,370,0.0508474576271186
"df4_d",1,380,0.0644067796610169
"df4_d",2,380,0.0542372881355932
"df4_d",3,380,0.0474576271186441
"df4_d",4,380,0.0542372881355932
"df4_d",5,380,0.0508474576271186
"df4_d",6,380,0.0542372881355932
"df4_d",7,380,0.0440677966101695
"df4_d",8,380,0.0474576271186441
"df4_d",9,380,0.0576271186440678
"df4_d",10,380,0.0508474576271186
"df4_d",1,390,0.0576271186440678
"df4_d",2,390,0.0508474576271186
"df4_d",3,390,0.0542372881355932
"df4_d",4,390,0.0542372881355932
"df4_d",5,390,0.0542372881355932
"df4_d",6,390,0.0508474576271186
"df4_d",7,390,0.0542372881355932
"df4_d",8,390,0.0542372881355932
"df4_d",9,390,0.0508474576271186
"df4_d",10,390,0.0542372881355932
"df4_d",1,400,0.0508474576271186
"df4_d",2,400,0.0508474576271186
"df4_d",3,400,0.0576271186440678
"df4_d",4,400,0.0542372881355932
"df4_d",5,400,0.0474576271186441
"df4_d",6,400,0.0542372881355932
"df4_d",7,400,0.0542372881355932
"df4_d",8,400,0.0542372881355932
"df4_d",9,400,0.0474576271186441
"df4_d",10,400,0.0576271186440678
"df4_d",1,410,0.0474576271186441
"df4_d",2,410,0.0576271186440678
"df4_d",3,410,0.0508474576271186
"df4_d",4,410,0.0508474576271186
"df4_d",5,410,0.0474576271186441
"df4_d",6,410,0.0508474576271186
"df4_d",7,410,0.0576271186440678
"df4_d",8,410,0.0610169491525424
"df4_d",9,410,0.0542372881355932
"df4_d",10,410,0.0542372881355932
"df4_d",1,420,0.0440677966101695
"df4_d",2,420,0.0440677966101695
"df4_d",3,420,0.0576271186440678
"df4_d",4,420,0.0576271186440678
"df4_d",5,420,0.0542372881355932
"df4_d",6,420,0.0440677966101695
"df4_d",7,420,0.0474576271186441
"df4_d",8,420,0.0474576271186441
"df4_d",9,420,0.0542372881355932
"df4_d",10,420,0.0474576271186441
"df4_d",1,430,0.0576271186440678
"df4_d",2,430,0.0542372881355932
"df4_d",3,430,0.0440677966101695
"df4_d",4,430,0.0542372881355932
"df4_d",5,430,0.0542372881355932
"df4_d",6,430,0.0542372881355932
"df4_d",7,430,0.0508474576271186
"df4_d",8,430,0.0576271186440678
"df4_d",9,430,0.0542372881355932
"df4_d",10,430,0.0542372881355932
"df4_d",1,440,0.0542372881355932
"df4_d",2,440,0.0542372881355932
"df4_d",3,440,0.0576271186440678
"df4_d",4,440,0.0542372881355932
"df4_d",5,440,0.0576271186440678
"df4_d",6,440,0.0508474576271186
"df4_d",7,440,0.0610169491525424
"df4_d",8,440,0.0576271186440678
"df4_d",9,440,0.0542372881355932
"df4_d",10,440,0.0542372881355932
"df4_d",1,450,0.0610169491525424
"df4_d",2,450,0.0542372881355932
"df4_d",3,450,0.0508474576271186
"df4_d",4,450,0.0508474576271186
"df4_d",5,450,0.0610169491525424
"df4_d",6,450,0.0474576271186441
"df4_d",7,450,0.0542372881355932
"df4_d",8,450,0.0474576271186441
"df4_d",9,450,0.0576271186440678
"df4_d",10,450,0.0542372881355932
"df4_d",1,460,0.0542372881355932
"df4_d",2,460,0.0542372881355932
"df4_d",3,460,0.0474576271186441
"df4_d",4,460,0.0610169491525424
"df4_d",5,460,0.0610169491525424
"df4_d",6,460,0.0542372881355932
"df4_d",7,460,0.0576271186440678
"df4_d",8,460,0.0610169491525424
"df4_d",9,460,0.0508474576271186
"df4_d",10,460,0.0542372881355932
"df4_d",1,470,0.0576271186440678
"df4_d",2,470,0.0508474576271186
"df4_d",3,470,0.0542372881355932
"df4_d",4,470,0.0542372881355932
"df4_d",5,470,0.0576271186440678
"df4_d",6,470,0.0576271186440678
"df4_d",7,470,0.0576271186440678
"df4_d",8,470,0.0610169491525424
"df4_d",9,470,0.0610169491525424
"df4_d",10,470,0.0474576271186441
"df4_d",1,480,0.0576271186440678
"df4_d",2,480,0.0508474576271186
"df4_d",3,480,0.0576271186440678
"df4_d",4,480,0.0542372881355932
"df4_d",5,480,0.0576271186440678
"df4_d",6,480,0.0576271186440678
"df4_d",7,480,0.0576271186440678
"df4_d",8,480,0.0542372881355932
"df4_d",9,480,0.0542372881355932
"df4_d",10,480,0.0542372881355932
"df4_d",1,490,0.0576271186440678
"df4_d",2,490,0.0542372881355932
"df4_d",3,490,0.0508474576271186
"df4_d",4,490,0.0610169491525424
"df4_d",5,490,0.0610169491525424
"df4_d",6,490,0.0542372881355932
"df4_d",7,490,0.0508474576271186
"df4_d",8,490,0.0474576271186441
"df4_d",9,490,0.0508474576271186
"df4_d",10,490,0.0542372881355932
"df4_d",1,500,0.0576271186440678
"df4_d",2,500,0.0610169491525424
"df4_d",3,500,0.0474576271186441
"df4_d",4,500,0.0576271186440678
"df4_d",5,500,0.0542372881355932
"df4_d",6,500,0.0542372881355932
"df4_d",7,500,0.0474576271186441
"df4_d",8,500,0.0542372881355932
"df4_d",9,500,0.0576271186440678
"df4_d",10,500,0.0610169491525424
"df4_d",1,510,0.0542372881355932
"df4_d",2,510,0.0542372881355932
"df4_d",3,510,0.0542372881355932
"df4_d",4,510,0.0576271186440678
"df4_d",5,510,0.0576271186440678
"df4_d",6,510,0.0508474576271186
"df4_d",7,510,0.0677966101694915
"df4_d",8,510,0.0576271186440678
"df4_d",9,510,0.0542372881355932
"df4_d",10,510,0.0576271186440678
"df4_d",1,520,0.0644067796610169
"df4_d",2,520,0.0576271186440678
"df4_d",3,520,0.0644067796610169
"df4_d",4,520,0.0644067796610169
"df4_d",5,520,0.0576271186440678
"df4_d",6,520,0.0610169491525424
"df4_d",7,520,0.0644067796610169
"df4_d",8,520,0.0542372881355932
"df4_d",9,520,0.0576271186440678
"df4_d",10,520,0.0576271186440678
"df4_d",1,530,0.0576271186440678
"df4_d",2,530,0.0508474576271186
"df4_d",3,530,0.0610169491525424
"df4_d",4,530,0.0508474576271186
"df4_d",5,530,0.0576271186440678
"df4_d",6,530,0.0644067796610169
"df4_d",7,530,0.0508474576271186
"df4_d",8,530,0.0542372881355932
"df4_d",9,530,0.0610169491525424
"df4_d",10,530,0.0576271186440678
"df4_d",1,540,0.0542372881355932
"df4_d",2,540,0.0644067796610169
"df4_d",3,540,0.0644067796610169
"df4_d",4,540,0.0576271186440678
"df4_d",5,540,0.0508474576271186
"df4_d",6,540,0.0576271186440678
"df4_d",7,540,0.0576271186440678
"df4_d",8,540,0.0576271186440678
"df4_d",9,540,0.0576271186440678
"df4_d",10,540,0.0610169491525424
"df4_d",1,550,0.0474576271186441
"df4_d",2,550,0.0576271186440678
"df4_d",3,550,0.0542372881355932
"df4_d",4,550,0.0644067796610169
"df4_d",5,550,0.0610169491525424
"df4_d",6,550,0.0576271186440678
"df4_d",7,550,0.0610169491525424
"df4_d",8,550,0.0576271186440678
"df4_d",9,550,0.0610169491525424
"df4_d",10,550,0.0644067796610169
"df4_d",1,560,0.0677966101694915
"df4_d",2,560,0.0576271186440678
"df4_d",3,560,0.0576271186440678
"df4_d",4,560,0.0644067796610169
"df4_d",5,560,0.0576271186440678
"df4_d",6,560,0.0677966101694915
"df4_d",7,560,0.0644067796610169
"df4_d",8,560,0.0610169491525424
"df4_d",9,560,0.0610169491525424
"df4_d",10,560,0.0644067796610169
"df4_d",1,570,0.0644067796610169
"df4_d",2,570,0.0677966101694915
"df4_d",3,570,0.0576271186440678
"df4_d",4,570,0.0542372881355932
"df4_d",5,570,0.0610169491525424
"df4_d",6,570,0.0610169491525424
"df4_d",7,570,0.0610169491525424
"df4_d",8,570,0.0542372881355932
"df4_d",9,570,0.0542372881355932
"df4_d",10,570,0.0610169491525424
"df4_d",1,580,0.0677966101694915
"df4_d",2,580,0.0508474576271186
"df4_d",3,580,0.0576271186440678
"df4_d",4,580,0.0677966101694915
"df4_d",5,580,0.0542372881355932
"df4_d",6,580,0.0576271186440678
"df4_d",7,580,0.0610169491525424
"df4_d",8,580,0.0610169491525424
"df4_d",9,580,0.0576271186440678
"df4_d",10,580,0.0644067796610169
"df4_d",1,590,0.0644067796610169
"df4_d",2,590,0.0644067796610169
"df4_d",3,590,0.0610169491525424
"df4_d",4,590,0.0576271186440678
"df4_d",5,590,0.0610169491525424
"df4_d",6,590,0.0542372881355932
"df4_d",7,590,0.0610169491525424
"df4_d",8,590,0.0644067796610169
"df4_d",9,590,0.0644067796610169
"df4_d",10,590,0.0677966101694915
"df4_d",1,600,0.0576271186440678
"df4_d",2,600,0.0610169491525424
"df4_d",3,600,0.0610169491525424
"df4_d",4,600,0.0644067796610169
"df4_d",5,600,0.0576271186440678
"df4_d",6,600,0.0576271186440678
"df4_d",7,600,0.0677966101694915
"df4_d",8,600,0.0644067796610169
"df4_d",9,600,0.0677966101694915
"df4_d",10,600,0.0610169491525424
"df4_d",1,610,0.0542372881355932
"df4_d",2,610,0.0610169491525424
"df4_d",3,610,0.0610169491525424
"df4_d",4,610,0.0677966101694915
"df4_d",5,610,0.0610169491525424
"df4_d",6,610,0.0677966101694915
"df4_d",7,610,0.0576271186440678
"df4_d",8,610,0.0576271186440678
"df4_d",9,610,0.0508474576271186
"df4_d",10,610,0.0610169491525424
"df4_d",1,620,0.0576271186440678
"df4_d",2,620,0.0644067796610169
"df4_d",3,620,0.0610169491525424
"df4_d",4,620,0.0644067796610169
"df4_d",5,620,0.0711864406779661
"df4_d",6,620,0.0610169491525424
"df4_d",7,620,0.0610169491525424
"df4_d",8,620,0.0610169491525424
"df4_d",9,620,0.0677966101694915
"df4_d",10,620,0.0610169491525424
"df4_d",1,630,0.0644067796610169
"df4_d",2,630,0.0677966101694915
"df4_d",3,630,0.0576271186440678
"df4_d",4,630,0.0610169491525424
"df4_d",5,630,0.0610169491525424
"df4_d",6,630,0.0610169491525424
"df4_d",7,630,0.0745762711864407
"df4_d",8,630,0.0610169491525424
"df4_d",9,630,0.0610169491525424
"df4_d",10,630,0.0610169491525424
"df4_d",1,640,0.0576271186440678
"df4_d",2,640,0.0576271186440678
"df4_d",3,640,0.0644067796610169
"df4_d",4,640,0.0677966101694915
"df4_d",5,640,0.0644067796610169
"df4_d",6,640,0.0644067796610169
"df4_d",7,640,0.0576271186440678
"df4_d",8,640,0.0677966101694915
"df4_d",9,640,0.0576271186440678
"df4_d",10,640,0.0576271186440678
"df4_d",1,650,0.0542372881355932
"df4_d",2,650,0.0610169491525424
"df4_d",3,650,0.0576271186440678
"df4_d",4,650,0.0644067796610169
"df4_d",5,650,0.0576271186440678
"df4_d",6,650,0.0644067796610169
"df4_d",7,650,0.0610169491525424
"df4_d",8,650,0.0677966101694915
"df4_d",9,650,0.0677966101694915
"df4_d",10,650,0.0644067796610169
"df4_d",1,660,0.0610169491525424
"df4_d",2,660,0.0576271186440678
"df4_d",3,660,0.0711864406779661
"df4_d",4,660,0.0711864406779661
"df4_d",5,660,0.0610169491525424
"df4_d",6,660,0.0644067796610169
"df4_d",7,660,0.0677966101694915
"df4_d",8,660,0.0610169491525424
"df4_d",9,660,0.0610169491525424
"df4_d",10,660,0.0711864406779661
"df4_d",1,670,0.0610169491525424
"df4_d",2,670,0.0745762711864407
"df4_d",3,670,0.0677966101694915
"df4_d",4,670,0.0576271186440678
"df4_d",5,670,0.0644067796610169
"df4_d",6,670,0.0711864406779661
"df4_d",7,670,0.0576271186440678
"df4_d",8,670,0.0677966101694915
"df4_d",9,670,0.0677966101694915
"df4_d",10,670,0.0644067796610169
"df4_d",1,680,0.0576271186440678
"df4_d",2,680,0.0576271186440678
"df4_d",3,680,0.0610169491525424
"df4_d",4,680,0.0610169491525424
"df4_d",5,680,0.0644067796610169
"df4_d",6,680,0.0610169491525424
"df4_d",7,680,0.0677966101694915
"df4_d",8,680,0.0677966101694915
"df4_d",9,680,0.0610169491525424
"df4_d",10,680,0.0677966101694915
"df4_d",1,690,0.0610169491525424
"df4_d",2,690,0.0677966101694915
"df4_d",3,690,0.0677966101694915
"df4_d",4,690,0.0677966101694915
"df4_d",5,690,0.0677966101694915
"df4_d",6,690,0.0576271186440678
"df4_d",7,690,0.0677966101694915
"df4_d",8,690,0.0677966101694915
"df4_d",9,690,0.0677966101694915
"df4_d",10,690,0.0644067796610169
"df4_d",1,700,0.0644067796610169
"df4_d",2,700,0.0644067796610169
"df4_d",3,700,0.0610169491525424
"df4_d",4,700,0.0677966101694915
"df4_d",5,700,0.0644067796610169
"df4_d",6,700,0.0610169491525424
"df4_d",7,700,0.0644067796610169
"df4_d",8,700,0.0711864406779661
"df4_d",9,700,0.0644067796610169
"df4_d",10,700,0.0677966101694915
"df4_d",1,710,0.0644067796610169
"df4_d",2,710,0.0644067796610169
"df4_d",3,710,0.0677966101694915
"df4_d",4,710,0.0677966101694915
"df4_d",5,710,0.0644067796610169
"df4_d",6,710,0.0644067796610169
"df4_d",7,710,0.0677966101694915
"df4_d",8,710,0.0610169491525424
"df4_d",9,710,0.0677966101694915
"df4_d",10,710,0.0711864406779661
"df4_d",1,720,0.0644067796610169
"df4_d",2,720,0.0644067796610169
"df4_d",3,720,0.0677966101694915
"df4_d",4,720,0.0610169491525424
"df4_d",5,720,0.0677966101694915
"df4_d",6,720,0.0644067796610169
"df4_d",7,720,0.0677966101694915
"df4_d",8,720,0.0677966101694915
"df4_d",9,720,0.0677966101694915
"df4_d",10,720,0.0677966101694915
"df4_d",1,730,0.0711864406779661
"df4_d",2,730,0.0576271186440678
"df4_d",3,730,0.0677966101694915
"df4_d",4,730,0.0644067796610169
"df4_d",5,730,0.0644067796610169
"df4_d",6,730,0.0677966101694915
"df4_d",7,730,0.0677966101694915
"df4_d",8,730,0.0711864406779661
"df4_d",9,730,0.0677966101694915
"df4_d",10,730,0.0711864406779661
"df4_d",1,740,0.0576271186440678
"df4_d",2,740,0.0644067796610169
"df4_d",3,740,0.0644067796610169
"df4_d",4,740,0.0677966101694915
"df4_d",5,740,0.0610169491525424
"df4_d",6,740,0.0644067796610169
"df4_d",7,740,0.0677966101694915
"df4_d",8,740,0.0677966101694915
"df4_d",9,740,0.0610169491525424
"df4_d",10,740,0.0644067796610169
"df4_d",1,750,0.0711864406779661
"df4_d",2,750,0.0711864406779661
"df4_d",3,750,0.0677966101694915
"df4_d",4,750,0.0644067796610169
"df4_d",5,750,0.0644067796610169
"df4_d",6,750,0.0644067796610169
"df4_d",7,750,0.0711864406779661
"df4_d",8,750,0.0644067796610169
"df4_d",9,750,0.0644067796610169
"df4_d",10,750,0.0610169491525424
"df4_d",1,760,0.0711864406779661
"df4_d",2,760,0.0677966101694915
"df4_d",3,760,0.0677966101694915
"df4_d",4,760,0.0644067796610169
"df4_d",5,760,0.0610169491525424
"df4_d",6,760,0.0644067796610169
"df4_d",7,760,0.0711864406779661
"df4_d",8,760,0.0644067796610169
"df4_d",9,760,0.0677966101694915
"df4_d",10,760,0.0745762711864407
"df4_d",1,770,0.0711864406779661
"df4_d",2,770,0.0610169491525424
"df4_d",3,770,0.0542372881355932
"df4_d",4,770,0.0610169491525424
"df4_d",5,770,0.0711864406779661
"df4_d",6,770,0.0610169491525424
"df4_d",7,770,0.0644067796610169
"df4_d",8,770,0.0576271186440678
"df4_d",9,770,0.0711864406779661
"df4_d",10,770,0.0644067796610169
"df4_d",1,780,0.0711864406779661
"df4_d",2,780,0.0677966101694915
"df4_d",3,780,0.0644067796610169
"df4_d",4,780,0.0610169491525424
"df4_d",5,780,0.0711864406779661
"df4_d",6,780,0.0677966101694915
"df4_d",7,780,0.0644067796610169
"df4_d",8,780,0.0745762711864407
"df4_d",9,780,0.0677966101694915
"df4_d",10,780,0.0677966101694915
"df4_d",1,790,0.0711864406779661
"df4_d",2,790,0.0677966101694915
"df4_d",3,790,0.0677966101694915
"df4_d",4,790,0.0610169491525424
"df4_d",5,790,0.0610169491525424
"df4_d",6,790,0.0644067796610169
"df4_d",7,790,0.0644067796610169
"df4_d",8,790,0.0711864406779661
"df4_d",9,790,0.0711864406779661
"df4_d",10,790,0.0677966101694915
"df4_d",1,800,0.0644067796610169
"df4_d",2,800,0.0610169491525424
"df4_d",3,800,0.0677966101694915
"df4_d",4,800,0.0677966101694915
"df4_d",5,800,0.0610169491525424
"df4_d",6,800,0.0711864406779661
"df4_d",7,800,0.0677966101694915
"df4_d",8,800,0.0677966101694915
"df4_d",9,800,0.0677966101694915
"df4_d",10,800,0.0644067796610169
"df4_d",1,810,0.0677966101694915
"df4_d",2,810,0.0677966101694915
"df4_d",3,810,0.0677966101694915
"df4_d",4,810,0.0677966101694915
"df4_d",5,810,0.0677966101694915
"df4_d",6,810,0.0644067796610169
"df4_d",7,810,0.0644067796610169
"df4_d",8,810,0.0677966101694915
"df4_d",9,810,0.0711864406779661
"df4_d",10,810,0.0644067796610169
"df4_d",1,820,0.0711864406779661
"df4_d",2,820,0.0745762711864407
"df4_d",3,820,0.0644067796610169
"df4_d",4,820,0.0610169491525424
"df4_d",5,820,0.0711864406779661
"df4_d",6,820,0.0711864406779661
"df4_d",7,820,0.0711864406779661
"df4_d",8,820,0.0745762711864407
"df4_d",9,820,0.0745762711864407
"df4_d",10,820,0.0745762711864407
"df4_d",1,830,0.0711864406779661
"df4_d",2,830,0.0677966101694915
"df4_d",3,830,0.0644067796610169
"df4_d",4,830,0.0711864406779661
"df4_d",5,830,0.0677966101694915
"df4_d",6,830,0.0745762711864407
"df4_d",7,830,0.0745762711864407
"df4_d",8,830,0.0677966101694915
"df4_d",9,830,0.0644067796610169
"df4_d",10,830,0.0677966101694915
"df4_d",1,840,0.0711864406779661
"df4_d",2,840,0.0745762711864407
"df4_d",3,840,0.0711864406779661
"df4_d",4,840,0.0711864406779661
"df4_d",5,840,0.0711864406779661
"df4_d",6,840,0.0711864406779661
"df4_d",7,840,0.0711864406779661
"df4_d",8,840,0.0677966101694915
"df4_d",9,840,0.0711864406779661
"df4_d",10,840,0.0711864406779661
"df4_d",1,850,0.0644067796610169
"df4_d",2,850,0.0644067796610169
"df4_d",3,850,0.0711864406779661
"df4_d",4,850,0.0711864406779661
"df4_d",5,850,0.0779661016949153
"df4_d",6,850,0.0677966101694915
"df4_d",7,850,0.0644067796610169
"df4_d",8,850,0.0711864406779661
"df4_d",9,850,0.0745762711864407
"df4_d",10,850,0.0644067796610169
"df4_d",1,860,0.0711864406779661
"df4_d",2,860,0.0644067796610169
"df4_d",3,860,0.0745762711864407
"df4_d",4,860,0.0745762711864407
"df4_d",5,860,0.0644067796610169
"df4_d",6,860,0.0610169491525424
"df4_d",7,860,0.0711864406779661
"df4_d",8,860,0.0677966101694915
"df4_d",9,860,0.0711864406779661
"df4_d",10,860,0.0711864406779661
"df4_d",1,870,0.0677966101694915
"df4_d",2,870,0.0644067796610169
"df4_d",3,870,0.0711864406779661
"df4_d",4,870,0.0677966101694915
"df4_d",5,870,0.0644067796610169
"df4_d",6,870,0.0711864406779661
"df4_d",7,870,0.0711864406779661
"df4_d",8,870,0.0677966101694915
"df4_d",9,870,0.0644067796610169
"df4_d",10,870,0.0677966101694915
"df4_d",1,880,0.0644067796610169
"df4_d",2,880,0.0644067796610169
"df4_d",3,880,0.0711864406779661
"df4_d",4,880,0.0711864406779661
"df4_d",5,880,0.0677966101694915
"df4_d",6,880,0.0644067796610169
"df4_d",7,880,0.0677966101694915
"df4_d",8,880,0.0711864406779661
"df4_d",9,880,0.0677966101694915
"df4_d",10,880,0.0677966101694915
"df4_d",1,890,0.0745762711864407
"df4_d",2,890,0.0711864406779661
"df4_d",3,890,0.0677966101694915
"df4_d",4,890,0.0677966101694915
"df4_d",5,890,0.0711864406779661
"df4_d",6,890,0.0677966101694915
"df4_d",7,890,0.0711864406779661
"df4_d",8,890,0.0677966101694915
"df4_d",9,890,0.0677966101694915
"df4_d",10,890,0.0711864406779661
"df4_d",1,900,0.0644067796610169
"df4_d",2,900,0.0644067796610169
"df4_d",3,900,0.0745762711864407
"df4_d",4,900,0.0644067796610169
"df4_d",5,900,0.0745762711864407
"df4_d",6,900,0.0711864406779661
"df4_d",7,900,0.0779661016949153
"df4_d",8,900,0.0677966101694915
"df4_d",9,900,0.0745762711864407
"df4_d",10,900,0.0677966101694915
"df4_d",1,910,0.0677966101694915
"df4_d",2,910,0.0677966101694915
"df4_d",3,910,0.0711864406779661
"df4_d",4,910,0.0677966101694915
"df4_d",5,910,0.0711864406779661
"df4_d",6,910,0.0677966101694915
"df4_d",7,910,0.0711864406779661
"df4_d",8,910,0.0711864406779661
"df4_d",9,910,0.0711864406779661
"df4_d",10,910,0.0745762711864407
"df4_d",1,920,0.0677966101694915
"df4_d",2,920,0.0677966101694915
"df4_d",3,920,0.0711864406779661
"df4_d",4,920,0.0644067796610169
"df4_d",5,920,0.0711864406779661
"df4_d",6,920,0.0711864406779661
"df4_d",7,920,0.0711864406779661
"df4_d",8,920,0.0745762711864407
"df4_d",9,920,0.0677966101694915
"df4_d",10,920,0.0677966101694915
"df4_d",1,930,0.0644067796610169
"df4_d",2,930,0.0677966101694915
"df4_d",3,930,0.0779661016949153
"df4_d",4,930,0.0779661016949153
"df4_d",5,930,0.0711864406779661
"df4_d",6,930,0.0745762711864407
"df4_d",7,930,0.0711864406779661
"df4_d",8,930,0.0711864406779661
"df4_d",9,930,0.0711864406779661
"df4_d",10,930,0.0711864406779661
"df4_d",1,940,0.0779661016949153
"df4_d",2,940,0.0677966101694915
"df4_d",3,940,0.0711864406779661
"df4_d",4,940,0.0711864406779661
"df4_d",5,940,0.0711864406779661
"df4_d",6,940,0.0711864406779661
"df4_d",7,940,0.0711864406779661
"df4_d",8,940,0.0677966101694915
"df4_d",9,940,0.0745762711864407
"df4_d",10,940,0.0745762711864407
"df4_d",1,950,0.0711864406779661
"df4_d",2,950,0.0677966101694915
"df4_d",3,950,0.0711864406779661
"df4_d",4,950,0.0711864406779661
"df4_d",5,950,0.0677966101694915
"df4_d",6,950,0.0711864406779661
"df4_d",7,950,0.0677966101694915
"df4_d",8,950,0.0677966101694915
"df4_d",9,950,0.0711864406779661
"df4_d",10,950,0.0711864406779661
"df4_d",1,960,0.0745762711864407
"df4_d",2,960,0.0745762711864407
"df4_d",3,960,0.0677966101694915
"df4_d",4,960,0.0711864406779661
"df4_d",5,960,0.0677966101694915
"df4_d",6,960,0.0677966101694915
"df4_d",7,960,0.0745762711864407
"df4_d",8,960,0.0711864406779661
"df4_d",9,960,0.0745762711864407
"df4_d",10,960,0.0711864406779661
"df4_d",1,970,0.0711864406779661
"df4_d",2,970,0.0677966101694915
"df4_d",3,970,0.0644067796610169
"df4_d",4,970,0.0711864406779661
"df4_d",5,970,0.0677966101694915
"df4_d",6,970,0.0745762711864407
"df4_d",7,970,0.0677966101694915
"df4_d",8,970,0.0711864406779661
"df4_d",9,970,0.0745762711864407
"df4_d",10,970,0.0711864406779661
"df4_d",1,980,0.0745762711864407
"df4_d",2,980,0.0677966101694915
"df4_d",3,980,0.0745762711864407
"df4_d",4,980,0.0677966101694915
"df4_d",5,980,0.0677966101694915
"df4_d",6,980,0.0745762711864407
"df4_d",7,980,0.0677966101694915
"df4_d",8,980,0.0711864406779661
"df4_d",9,980,0.0677966101694915
"df4_d",10,980,0.0711864406779661
"df4_d",1,990,0.0677966101694915
"df4_d",2,990,0.0711864406779661
"df4_d",3,990,0.0644067796610169
"df4_d",4,990,0.0745762711864407
"df4_d",5,990,0.0677966101694915
"df4_d",6,990,0.0779661016949153
"df4_d",7,990,0.0711864406779661
"df4_d",8,990,0.0711864406779661
"df4_d",9,990,0.0779661016949153
"df4_d",10,990,0.0745762711864407
"df4_d",1,1000,0.0745762711864407
"df4_d",2,1000,0.0677966101694915
"df4_d",3,1000,0.0745762711864407
"df4_d",4,1000,0.0711864406779661
"df4_d",5,1000,0.0711864406779661
"df4_d",6,1000,0.0677966101694915
"df4_d",7,1000,0.0711864406779661
"df4_d",8,1000,0.0745762711864407
"df4_d",9,1000,0.0711864406779661
"df4_d",10,1000,0.0711864406779661
"df4_d",1,1010,0.0711864406779661
"df4_d",2,1010,0.0745762711864407
"df4_d",3,1010,0.0779661016949153
"df4_d",4,1010,0.0745762711864407
"df4_d",5,1010,0.0711864406779661
"df4_d",6,1010,0.0677966101694915
"df4_d",7,1010,0.0745762711864407
"df4_d",8,1010,0.0711864406779661
"df4_d",9,1010,0.0779661016949153
"df4_d",10,1010,0.0745762711864407
"df4_d",1,1020,0.0779661016949153
"df4_d",2,1020,0.0779661016949153
"df4_d",3,1020,0.0644067796610169
"df4_d",4,1020,0.0711864406779661
"df4_d",5,1020,0.0677966101694915
"df4_d",6,1020,0.0644067796610169
"df4_d",7,1020,0.0745762711864407
"df4_d",8,1020,0.0711864406779661
"df4_d",9,1020,0.0745762711864407
"df4_d",10,1020,0.0745762711864407
"df4_d",1,1030,0.0779661016949153
"df4_d",2,1030,0.0677966101694915
"df4_d",3,1030,0.0610169491525424
"df4_d",4,1030,0.0779661016949153
"df4_d",5,1030,0.0813559322033898
"df4_d",6,1030,0.0745762711864407
"df4_d",7,1030,0.0745762711864407
"df4_d",8,1030,0.0711864406779661
"df4_d",9,1030,0.0779661016949153
"df4_d",10,1030,0.0779661016949153
"df4_d",1,1040,0.0813559322033898
"df4_d",2,1040,0.0745762711864407
"df4_d",3,1040,0.0779661016949153
"df4_d",4,1040,0.0745762711864407
"df4_d",5,1040,0.0711864406779661
"df4_d",6,1040,0.0711864406779661
"df4_d",7,1040,0.0779661016949153
"df4_d",8,1040,0.0677966101694915
"df4_d",9,1040,0.0711864406779661
"df4_d",10,1040,0.0677966101694915
"df4_d",1,1050,0.0779661016949153
"df4_d",2,1050,0.0711864406779661
"df4_d",3,1050,0.0745762711864407
"df4_d",4,1050,0.0745762711864407
"df4_d",5,1050,0.0745762711864407
"df4_d",6,1050,0.0745762711864407
"df4_d",7,1050,0.0711864406779661
"df4_d",8,1050,0.0745762711864407
"df4_d",9,1050,0.0745762711864407
"df4_d",10,1050,0.0745762711864407
"df4_d",1,1060,0.0745762711864407
"df4_d",2,1060,0.0779661016949153
"df4_d",3,1060,0.0677966101694915
"df4_d",4,1060,0.0677966101694915
"df4_d",5,1060,0.0779661016949153
"df4_d",6,1060,0.0745762711864407
"df4_d",7,1060,0.0711864406779661
"df4_d",8,1060,0.0813559322033898
"df4_d",9,1060,0.0779661016949153
"df4_d",10,1060,0.0779661016949153
"df4_d",1,1070,0.0813559322033898
"df4_d",2,1070,0.0779661016949153
"df4_d",3,1070,0.0677966101694915
"df4_d",4,1070,0.0813559322033898
"df4_d",5,1070,0.0745762711864407
"df4_d",6,1070,0.0779661016949153
"df4_d",7,1070,0.0644067796610169
"df4_d",8,1070,0.0711864406779661
"df4_d",9,1070,0.0677966101694915
"df4_d",10,1070,0.0745762711864407
"df4_d",1,1080,0.0745762711864407
"df4_d",2,1080,0.0745762711864407
"df4_d",3,1080,0.0813559322033898
"df4_d",4,1080,0.0745762711864407
"df4_d",5,1080,0.0745762711864407
"df4_d",6,1080,0.0745762711864407
"df4_d",7,1080,0.0779661016949153
"df4_d",8,1080,0.0745762711864407
"df4_d",9,1080,0.0813559322033898
"df4_d",10,1080,0.088135593220339
"df4_d",1,1090,0.0711864406779661
"df4_d",2,1090,0.0745762711864407
"df4_d",3,1090,0.0813559322033898
"df4_d",4,1090,0.0711864406779661
"df4_d",5,1090,0.0745762711864407
"df4_d",6,1090,0.0745762711864407
"df4_d",7,1090,0.0745762711864407
"df4_d",8,1090,0.0779661016949153
"df4_d",9,1090,0.0779661016949153
"df4_d",10,1090,0.0745762711864407
"df4_d",1,1100,0.0745762711864407
"df4_d",2,1100,0.0745762711864407
"df4_d",3,1100,0.0711864406779661
"df4_d",4,1100,0.0779661016949153
"df4_d",5,1100,0.0677966101694915
"df4_d",6,1100,0.0779661016949153
"df4_d",7,1100,0.0779661016949153
"df4_d",8,1100,0.0711864406779661
"df4_d",9,1100,0.0745762711864407
"df4_d",10,1100,0.0779661016949153
"df4_d",1,1110,0.088135593220339
"df4_d",2,1110,0.0813559322033898
"df4_d",3,1110,0.0779661016949153
"df4_d",4,1110,0.0745762711864407
"df4_d",5,1110,0.0779661016949153
"df4_d",6,1110,0.0745762711864407
"df4_d",7,1110,0.0677966101694915
"df4_d",8,1110,0.0745762711864407
"df4_d",9,1110,0.0779661016949153
"df4_d",10,1110,0.0779661016949153
"df4_d",1,1120,0.0779661016949153
"df4_d",2,1120,0.0745762711864407
"df4_d",3,1120,0.0779661016949153
"df4_d",4,1120,0.0711864406779661
"df4_d",5,1120,0.0711864406779661
"df4_d",6,1120,0.0813559322033898
"df4_d",7,1120,0.0813559322033898
"df4_d",8,1120,0.0813559322033898
"df4_d",9,1120,0.0779661016949153
"df4_d",10,1120,0.0711864406779661
"df4_d",1,1130,0.0745762711864407
"df4_d",2,1130,0.0813559322033898
"df4_d",3,1130,0.0711864406779661
"df4_d",4,1130,0.0779661016949153
"df4_d",5,1130,0.0711864406779661
"df4_d",6,1130,0.0779661016949153
"df4_d",7,1130,0.0779661016949153
"df4_d",8,1130,0.0711864406779661
"df4_d",9,1130,0.0779661016949153
"df4_d",10,1130,0.0779661016949153
"df4_d",1,1140,0.0813559322033898
"df4_d",2,1140,0.0711864406779661
"df4_d",3,1140,0.0711864406779661
"df4_d",4,1140,0.0711864406779661
"df4_d",5,1140,0.0711864406779661
"df4_d",6,1140,0.0745762711864407
"df4_d",7,1140,0.0779661016949153
"df4_d",8,1140,0.0813559322033898
"df4_d",9,1140,0.0745762711864407
"df4_d",10,1140,0.0711864406779661
"df4_d",1,1150,0.0779661016949153
"df4_d",2,1150,0.0711864406779661
"df4_d",3,1150,0.088135593220339
"df4_d",4,1150,0.0745762711864407
"df4_d",5,1150,0.0745762711864407
"df4_d",6,1150,0.0711864406779661
"df4_d",7,1150,0.0813559322033898
"df4_d",8,1150,0.0779661016949153
"df4_d",9,1150,0.0711864406779661
"df4_d",10,1150,0.0745762711864407
"df4_d",1,1160,0.0779661016949153
"df4_d",2,1160,0.0779661016949153
"df4_d",3,1160,0.0745762711864407
"df4_d",4,1160,0.0813559322033898
"df4_d",5,1160,0.0745762711864407
"df4_d",6,1160,0.0711864406779661
"df4_d",7,1160,0.0745762711864407
"df4_d",8,1160,0.0779661016949153
"df4_d",9,1160,0.0779661016949153
"df4_d",10,1160,0.0779661016949153
"df4_d",1,1170,0.0745762711864407
"df4_d",2,1170,0.0745762711864407
"df4_d",3,1170,0.0745762711864407
"df4_d",4,1170,0.0813559322033898
"df4_d",5,1170,0.0779661016949153
"df4_d",6,1170,0.0745762711864407
"df4_d",7,1170,0.0779661016949153
"df4_d",8,1170,0.0779661016949153
"df4_d",9,1170,0.088135593220339
"df4_d",10,1170,0.0847457627118644
"df4_d",1,1180,0.0745762711864407
"df4_d",2,1180,0.0813559322033898
"df4_d",3,1180,0.0813559322033898
"df4_d",4,1180,0.0813559322033898
"df4_d",5,1180,0.0711864406779661
"df4_d",6,1180,0.0779661016949153
"df4_d",7,1180,0.0813559322033898
"df4_d",8,1180,0.0711864406779661
"df4_d",9,1180,0.0745762711864407
"df4_d",10,1180,0.0745762711864407
"df4_d",1,1190,0.0779661016949153
"df4_d",2,1190,0.0813559322033898
"df4_d",3,1190,0.0813559322033898
"df4_d",4,1190,0.0745762711864407
"df4_d",5,1190,0.0813559322033898
"df4_d",6,1190,0.0711864406779661
"df4_d",7,1190,0.0813559322033898
"df4_d",8,1190,0.0779661016949153
"df4_d",9,1190,0.088135593220339
"df4_d",10,1190,0.0779661016949153
"df4_d",1,1200,0.0813559322033898
"df4_d",2,1200,0.0779661016949153
"df4_d",3,1200,0.0745762711864407
"df4_d",4,1200,0.0779661016949153
"df4_d",5,1200,0.0813559322033898
"df4_d",6,1200,0.0745762711864407
"df4_d",7,1200,0.0745762711864407
"df4_d",8,1200,0.0813559322033898
"df4_d",9,1200,0.0711864406779661
"df4_d",10,1200,0.0779661016949153
"df4_d",1,1210,0.0779661016949153
"df4_d",2,1210,0.0779661016949153
"df4_d",3,1210,0.0813559322033898
"df4_d",4,1210,0.0813559322033898
"df4_d",5,1210,0.0779661016949153
"df4_d",6,1210,0.0779661016949153
"df4_d",7,1210,0.0779661016949153
"df4_d",8,1210,0.0813559322033898
"df4_d",9,1210,0.0677966101694915
"df4_d",10,1210,0.0813559322033898
"df4_d",1,1220,0.0779661016949153
"df4_d",2,1220,0.0813559322033898
"df4_d",3,1220,0.0745762711864407
"df4_d",4,1220,0.0779661016949153
"df4_d",5,1220,0.0813559322033898
"df4_d",6,1220,0.0745762711864407
"df4_d",7,1220,0.0779661016949153
"df4_d",8,1220,0.0711864406779661
"df4_d",9,1220,0.0847457627118644
"df4_d",10,1220,0.0745762711864407
"df4_d",1,1230,0.0779661016949153
"df4_d",2,1230,0.0745762711864407
"df4_d",3,1230,0.0779661016949153
"df4_d",4,1230,0.0779661016949153
"df4_d",5,1230,0.0813559322033898
"df4_d",6,1230,0.0779661016949153
"df4_d",7,1230,0.0847457627118644
"df4_d",8,1230,0.0813559322033898
"df4_d",9,1230,0.0745762711864407
"df4_d",10,1230,0.0745762711864407
"df4_d",1,1240,0.0745762711864407
"df4_d",2,1240,0.0711864406779661
"df4_d",3,1240,0.0779661016949153
"df4_d",4,1240,0.0745762711864407
"df4_d",5,1240,0.0847457627118644
"df4_d",6,1240,0.0779661016949153
"df4_d",7,1240,0.0813559322033898
"df4_d",8,1240,0.0779661016949153
"df4_d",9,1240,0.0779661016949153
"df4_d",10,1240,0.0847457627118644
"df4_d",1,1250,0.0711864406779661
"df4_d",2,1250,0.088135593220339
"df4_d",3,1250,0.0779661016949153
"df4_d",4,1250,0.0779661016949153
"df4_d",5,1250,0.0813559322033898
"df4_d",6,1250,0.0779661016949153
"df4_d",7,1250,0.0779661016949153
"df4_d",8,1250,0.0711864406779661
"df4_d",9,1250,0.0745762711864407
"df4_d",10,1250,0.0847457627118644
"df4_d",1,1260,0.0813559322033898
"df4_d",2,1260,0.088135593220339
"df4_d",3,1260,0.0847457627118644
"df4_d",4,1260,0.0779661016949153
"df4_d",5,1260,0.0813559322033898
"df4_d",6,1260,0.0779661016949153
"df4_d",7,1260,0.0745762711864407
"df4_d",8,1260,0.0847457627118644
"df4_d",9,1260,0.0711864406779661
"df4_d",10,1260,0.0813559322033898
"df4_d",1,1270,0.0779661016949153
"df4_d",2,1270,0.088135593220339
"df4_d",3,1270,0.088135593220339
"df4_d",4,1270,0.0779661016949153
"df4_d",5,1270,0.0813559322033898
"df4_d",6,1270,0.0745762711864407
"df4_d",7,1270,0.0813559322033898
"df4_d",8,1270,0.0745762711864407
"df4_d",9,1270,0.0711864406779661
"df4_d",10,1270,0.0745762711864407
"df4_d",1,1280,0.0847457627118644
"df4_d",2,1280,0.0813559322033898
"df4_d",3,1280,0.0813559322033898
"df4_d",4,1280,0.0711864406779661
"df4_d",5,1280,0.0813559322033898
"df4_d",6,1280,0.0779661016949153
"df4_d",7,1280,0.0813559322033898
"df4_d",8,1280,0.0847457627118644
"df4_d",9,1280,0.0779661016949153
"df4_d",10,1280,0.0779661016949153
"df4_d",1,1290,0.0847457627118644
"df4_d",2,1290,0.0779661016949153
"df4_d",3,1290,0.0813559322033898
"df4_d",4,1290,0.0847457627118644
"df4_d",5,1290,0.0813559322033898
"df4_d",6,1290,0.0745762711864407
"df4_d",7,1290,0.0779661016949153
"df4_d",8,1290,0.0813559322033898
"df4_d",9,1290,0.0813559322033898
"df4_d",10,1290,0.0813559322033898
"df4_d",1,1300,0.088135593220339
"df4_d",2,1300,0.0847457627118644
"df4_d",3,1300,0.0779661016949153
"df4_d",4,1300,0.0847457627118644
"df4_d",5,1300,0.0779661016949153
"df4_d",6,1300,0.0779661016949153
"df4_d",7,1300,0.0745762711864407
"df4_d",8,1300,0.0779661016949153
"df4_d",9,1300,0.0813559322033898
"df4_d",10,1300,0.0813559322033898
"df4_d",1,1310,0.0745762711864407
"df4_d",2,1310,0.0915254237288136
"df4_d",3,1310,0.0847457627118644
"df4_d",4,1310,0.0779661016949153
"df4_d",5,1310,0.0813559322033898
"df4_d",6,1310,0.0779661016949153
"df4_d",7,1310,0.0779661016949153
"df4_d",8,1310,0.0813559322033898
"df4_d",9,1310,0.0779661016949153
"df4_d",10,1310,0.0779661016949153
"df4_d",1,1320,0.088135593220339
"df4_d",2,1320,0.0847457627118644
"df4_d",3,1320,0.0813559322033898
"df4_d",4,1320,0.0813559322033898
"df4_d",5,1320,0.0813559322033898
"df4_d",6,1320,0.0779661016949153
"df4_d",7,1320,0.088135593220339
"df4_d",8,1320,0.0745762711864407
"df4_d",9,1320,0.0779661016949153
"df4_d",10,1320,0.088135593220339
"df4_d",1,1330,0.0813559322033898
"df4_d",2,1330,0.0813559322033898
"df4_d",3,1330,0.0779661016949153
"df4_d",4,1330,0.0813559322033898
"df4_d",5,1330,0.0847457627118644
"df4_d",6,1330,0.0915254237288136
"df4_d",7,1330,0.0779661016949153
"df4_d",8,1330,0.0847457627118644
"df4_d",9,1330,0.0745762711864407
"df4_d",10,1330,0.088135593220339
"df4_d",1,1340,0.0779661016949153
"df4_d",2,1340,0.0813559322033898
"df4_d",3,1340,0.0847457627118644
"df4_d",4,1340,0.088135593220339
"df4_d",5,1340,0.088135593220339
"df4_d",6,1340,0.0813559322033898
"df4_d",7,1340,0.0813559322033898
"df4_d",8,1340,0.0813559322033898
"df4_d",9,1340,0.0813559322033898
"df4_d",10,1340,0.0847457627118644
"df4_d",1,1350,0.0813559322033898
"df4_d",2,1350,0.088135593220339
"df4_d",3,1350,0.0847457627118644
"df4_d",4,1350,0.0847457627118644
"df4_d",5,1350,0.0779661016949153
"df4_d",6,1350,0.0813559322033898
"df4_d",7,1350,0.0779661016949153
"df4_d",8,1350,0.0847457627118644
"df4_d",9,1350,0.088135593220339
"df4_d",10,1350,0.0847457627118644
"df4_d",1,1360,0.0813559322033898
"df4_d",2,1360,0.0813559322033898
"df4_d",3,1360,0.0813559322033898
"df4_d",4,1360,0.0847457627118644
"df4_d",5,1360,0.0745762711864407
"df4_d",6,1360,0.088135593220339
"df4_d",7,1360,0.0745762711864407
"df4_d",8,1360,0.0813559322033898
"df4_d",9,1360,0.0847457627118644
"df4_d",10,1360,0.0711864406779661
"df4_d",1,1370,0.0779661016949153
"df4_d",2,1370,0.0813559322033898
"df4_d",3,1370,0.0813559322033898
"df4_d",4,1370,0.0949152542372881
"df4_d",5,1370,0.088135593220339
"df4_d",6,1370,0.0813559322033898
"df4_d",7,1370,0.088135593220339
"df4_d",8,1370,0.0779661016949153
"df4_d",9,1370,0.0813559322033898
"df4_d",10,1370,0.088135593220339
"df4_d",1,1380,0.0847457627118644
"df4_d",2,1380,0.0813559322033898
"df4_d",3,1380,0.0779661016949153
"df4_d",4,1380,0.0847457627118644
"df4_d",5,1380,0.0779661016949153
"df4_d",6,1380,0.088135593220339
"df4_d",7,1380,0.0813559322033898
"df4_d",8,1380,0.0847457627118644
"df4_d",9,1380,0.0779661016949153
"df4_d",10,1380,0.088135593220339
"df4_d",1,1390,0.088135593220339
"df4_d",2,1390,0.0813559322033898
"df4_d",3,1390,0.0847457627118644
"df4_d",4,1390,0.088135593220339
"df4_d",5,1390,0.0745762711864407
"df4_d",6,1390,0.0779661016949153
"df4_d",7,1390,0.0779661016949153
"df4_d",8,1390,0.0745762711864407
"df4_d",9,1390,0.088135593220339
"df4_d",10,1390,0.0745762711864407
"df4_d",1,1400,0.0847457627118644
"df4_d",2,1400,0.088135593220339
"df4_d",3,1400,0.0813559322033898
"df4_d",4,1400,0.088135593220339
"df4_d",5,1400,0.0847457627118644
"df4_d",6,1400,0.0847457627118644
"df4_d",7,1400,0.0779661016949153
"df4_d",8,1400,0.088135593220339
"df4_d",9,1400,0.0813559322033898
"df4_d",10,1400,0.0813559322033898
"df4_d",1,1410,0.0779661016949153
"df4_d",2,1410,0.0745762711864407
"df4_d",3,1410,0.0779661016949153
"df4_d",4,1410,0.0813559322033898
"df4_d",5,1410,0.0813559322033898
"df4_d",6,1410,0.0847457627118644
"df4_d",7,1410,0.088135593220339
"df4_d",8,1410,0.0813559322033898
"df4_d",9,1410,0.0847457627118644
"df4_d",10,1410,0.088135593220339
"df4_d",1,1420,0.0779661016949153
"df4_d",2,1420,0.088135593220339
"df4_d",3,1420,0.0813559322033898
"df4_d",4,1420,0.0813559322033898
"df4_d",5,1420,0.0813559322033898
"df4_d",6,1420,0.0847457627118644
"df4_d",7,1420,0.0745762711864407
"df4_d",8,1420,0.0779661016949153
"df4_d",9,1420,0.0915254237288136
"df4_d",10,1420,0.088135593220339
"df4_d",1,1430,0.0813559322033898
"df4_d",2,1430,0.088135593220339
"df4_d",3,1430,0.0745762711864407
"df4_d",4,1430,0.088135593220339
"df4_d",5,1430,0.0915254237288136
"df4_d",6,1430,0.088135593220339
"df4_d",7,1430,0.0779661016949153
"df4_d",8,1430,0.0915254237288136
"df4_d",9,1430,0.0915254237288136
"df4_d",10,1430,0.088135593220339
"df4_d",1,1440,0.0847457627118644
"df4_d",2,1440,0.0847457627118644
"df4_d",3,1440,0.0779661016949153
"df4_d",4,1440,0.0813559322033898
"df4_d",5,1440,0.088135593220339
"df4_d",6,1440,0.0847457627118644
"df4_d",7,1440,0.0779661016949153
"df4_d",8,1440,0.0813559322033898
"df4_d",9,1440,0.0915254237288136
"df4_d",10,1440,0.0847457627118644
"df4_d",1,1450,0.0813559322033898
"df4_d",2,1450,0.0847457627118644
"df4_d",3,1450,0.0915254237288136
"df4_d",4,1450,0.0915254237288136
"df4_d",5,1450,0.0813559322033898
"df4_d",6,1450,0.0847457627118644
"df4_d",7,1450,0.088135593220339
"df4_d",8,1450,0.0983050847457627
"df4_d",9,1450,0.088135593220339
"df4_d",10,1450,0.0915254237288136
"df4_d",1,1460,0.0847457627118644
"df4_d",2,1460,0.0847457627118644
"df4_d",3,1460,0.0915254237288136
"df4_d",4,1460,0.0813559322033898
"df4_d",5,1460,0.0745762711864407
"df4_d",6,1460,0.088135593220339
"df4_d",7,1460,0.0813559322033898
"df4_d",8,1460,0.0847457627118644
"df4_d",9,1460,0.0813559322033898
"df4_d",10,1460,0.088135593220339
"df4_d",1,1470,0.0813559322033898
"df4_d",2,1470,0.0847457627118644
"df4_d",3,1470,0.0779661016949153
"df4_d",4,1470,0.0813559322033898
"df4_d",5,1470,0.0847457627118644
"df4_d",6,1470,0.0847457627118644
"df4_d",7,1470,0.0983050847457627
"df4_d",8,1470,0.0813559322033898
"df4_d",9,1470,0.088135593220339
"df4_d",10,1470,0.0813559322033898
"df4_d",1,1480,0.0847457627118644
"df4_d",2,1480,0.088135593220339
"df4_d",3,1480,0.0847457627118644
"df4_d",4,1480,0.0779661016949153
"df4_d",5,1480,0.0779661016949153
"df4_d",6,1480,0.0847457627118644
"df4_d",7,1480,0.0779661016949153
"df4_d",8,1480,0.0915254237288136
"df4_d",9,1480,0.0813559322033898
"df4_d",10,1480,0.0847457627118644
"df4_d",1,1490,0.0847457627118644
"df4_d",2,1490,0.0915254237288136
"df4_d",3,1490,0.0813559322033898
"df4_d",4,1490,0.0813559322033898
"df4_d",5,1490,0.0813559322033898
"df4_d",6,1490,0.0779661016949153
"df4_d",7,1490,0.0779661016949153
"df4_d",8,1490,0.088135593220339
"df4_d",9,1490,0.0847457627118644
"df4_d",10,1490,0.0847457627118644
"df4_d",1,1500,0.0779661016949153
"df4_d",2,1500,0.088135593220339
"df4_d",3,1500,0.088135593220339
"df4_d",4,1500,0.0949152542372881
"df4_d",5,1500,0.0847457627118644
"df4_d",6,1500,0.088135593220339
"df4_d",7,1500,0.0847457627118644
"df4_d",8,1500,0.0949152542372881
"df4_d",9,1500,0.0847457627118644
"df4_d",10,1500,0.0745762711864407
"df4_d",1,1510,0.0847457627118644
"df4_d",2,1510,0.0915254237288136
"df4_d",3,1510,0.0915254237288136
"df4_d",4,1510,0.0847457627118644
"df4_d",5,1510,0.088135593220339
"df4_d",6,1510,0.0847457627118644
"df4_d",7,1510,0.0915254237288136
"df4_d",8,1510,0.0813559322033898
"df4_d",9,1510,0.0779661016949153
"df4_d",10,1510,0.088135593220339
"df4_d",1,1520,0.0949152542372881
"df4_d",2,1520,0.0949152542372881
"df4_d",3,1520,0.088135593220339
"df4_d",4,1520,0.0915254237288136
"df4_d",5,1520,0.0847457627118644
"df4_d",6,1520,0.0847457627118644
"df4_d",7,1520,0.0915254237288136
"df4_d",8,1520,0.0847457627118644
"df4_d",9,1520,0.088135593220339
"df4_d",10,1520,0.0847457627118644
"df4_d",1,1530,0.101694915254237
"df4_d",2,1530,0.0847457627118644
"df4_d",3,1530,0.0813559322033898
"df4_d",4,1530,0.0813559322033898
"df4_d",5,1530,0.0983050847457627
"df4_d",6,1530,0.0847457627118644
"df4_d",7,1530,0.0915254237288136
"df4_d",8,1530,0.0915254237288136
"df4_d",9,1530,0.0847457627118644
"df4_d",10,1530,0.0949152542372881
"df4_d",1,1540,0.088135593220339
"df4_d",2,1540,0.0847457627118644
"df4_d",3,1540,0.0915254237288136
"df4_d",4,1540,0.0779661016949153
"df4_d",5,1540,0.0847457627118644
"df4_d",6,1540,0.0813559322033898
"df4_d",7,1540,0.0949152542372881
"df4_d",8,1540,0.0813559322033898
"df4_d",9,1540,0.088135593220339
"df4_d",10,1540,0.0847457627118644
